example_id,brand,customer_query,llm_predicted_intent,llm_confidence,llm_reasoning,rule_escalate,sentiment_score
amazonhelp_gold_0001,amazonhelp,"@115821 you have to improve shipping, wtf did I pay extra for 1 day shipping?@115817 @118706 @81 all fucking incompetent. U need independence!",order_tracking_delivery,0.95,"The customer is complaining about shipping performance and questioning why they paid extra for 1‑day shipping, indicating a concern about delivery speed and cost. This falls under delivery tracking and shipping issues.",True,-0.7171
amazonhelp_gold_0002,amazonhelp,@AmazonHelp Yes. It's shipped - Tracking details below... https://t.co/akNCIz5Fbh,order_tracking_delivery,0.95,"The user references that the item has shipped and provides a tracking link, indicating an inquiry about the status of a delivery.",False,0.4019
amazonhelp_gold_0003,amazonhelp,@115850 very confusing site u don’t hav any clarification abt ur billing address and shipping address and what d f**k is billing address.,general_feedback_complaint,0.92,"The user expresses frustration and confusion about the lack of clarification regarding billing and shipping addresses on the site, which is a general complaint about the user experience rather than a specific request for a return, refund, billing charge, or technical support.",True,-0.2944
amazonhelp_gold_0004,amazonhelp,@AmazonHelp “Shipped with AMZL US”,order_tracking_delivery,0.9,"The user references “Shipped with AMZL US,” indicating a concern about the shipping method and likely the status or delivery of the order, which falls under order tracking and delivery inquiries.",False,0.0
amazonhelp_gold_0005,amazonhelp,@115850 please unblock my Amazon account __email__ I've mailed several time no rrply from your cis team,account_security_access,0.95,"The customer is requesting to unblock their Amazon account, indicating an issue with account access and security. This falls squarely under the account_security_access intent.",True,0.2023
amazonhelp_gold_0006,amazonhelp,"@AmazonHelp Thanks! I should be working, this contest of yours is going to leave me jobless! 😁",general_feedback_complaint,0.95,"The user expresses dissatisfaction and frustration about a contest, which is a general grievance or complaint about Amazon's services, fitting the ""general_feedback_complaint"" category.",True,0.7418
amazonhelp_gold_0007,amazonhelp,"Dear @116618. When I search a movie title or director and you don't have anything, suggest something similar! It's crazy that I am searching #SofiaCoppola and you're suggesting Thursday Night Football!",digital_services_devices,0.95,"The user is complaining about the search functionality for movies/directors on Amazon’s digital content platform (likely Prime Video), indicating a technical issue with content search suggestions. This falls under the digital services and devices category.",False,0.1984
amazonhelp_gold_0008,amazonhelp,"@AmazonHelp That's not odd, u guys are playing wd customers https://t.co/fz8ReQklRh",general_feedback_complaint,0.95,"The user expresses dissatisfaction and frustration toward Amazon, implying a general complaint or grievance. No specific mention of order tracking, returns, Prime billing, account security, digital devices, or third‑party seller issues.",True,0.7552
amazonhelp_gold_0009,amazonhelp,@AmazonHelp It is a mini iPad 3rd generation,seller_product_inquiry,0.8,"The user references a specific product, a ""mini iPad 3rd generation,"" which aligns with inquiries about third‑party seller products, authenticity, or stock. No other intent category fits the content.",False,0.0
amazonhelp_gold_0010,amazonhelp,"@AmazonHelp I already did, its still say 'return started' since ages ?!",refund_return_cancellation,0.95,"The customer mentions a return status that has been stuck at 'return started' for a long time, indicating a problem with a return process and a request for resolution.",False,0.0
amazonhelp_gold_0011,amazonhelp,"@115850 @115821 Contacted multiple times but still the return is not picked up and surprisingly two different agents have written the exactly same email Line by Line ( notice dates). Only difference is signature, BOTS???? @115851 @AmazonHelp @134682 https://t.co/gCUWEbnZhm",refund_return_cancellation,0.95,"The customer is complaining that a return has not been picked up despite multiple contacts, indicating a return issue. This falls under the ""Returns, Refunds & Order Cancellation"" category.",False,0.5803
amazonhelp_gold_0012,amazonhelp,Excuse me @115821 - how does this work? Different price on the main list than at the point of purchase? https://t.co/6rNK1W3uDv,seller_product_inquiry,0.95,"The customer is asking about a discrepancy between the listed price and the price at the point of purchase, which falls under inquiries about third‑party seller pricing or price matching.",False,0.168
amazonhelp_gold_0013,amazonhelp,@AmazonHelp ok..but ds shud nt happn..i calld support team but asking me to wait till mrn as india post will open in mrn,order_tracking_delivery,0.95,"The user is asking about the status of a delivery and mentions waiting for India Post to open, indicating a concern about when the package will arrive.",False,0.2144
amazonhelp_gold_0014,amazonhelp,@AmazonHelp given the detail. How many time you want the same details. waiting for your call.not delivering will big failure @115851 Pls do needful,order_tracking_delivery,0.95,"The customer complains that their order is not being delivered and is awaiting a call for resolution, indicating a delivery tracking issue.",False,-0.4019
amazonhelp_gold_0015,amazonhelp,@AmazonHelp I would like an email address for escalation,general_feedback_complaint,0.95,"The customer is requesting an escalation email address, indicating a desire to raise a complaint or issue beyond normal support channels. This aligns with the ""General Grievance, CS Escalation & Feedback"" intent.",True,0.3612
amazonhelp_gold_0016,amazonhelp,@115821 how to make a complaint?,general_feedback_complaint,0.95,"The user explicitly asks how to make a complaint, which falls under general grievances and feedback.",True,-0.296
amazonhelp_gold_0017,amazonhelp,@AmazonHelp Relevant issues is not listed in your issue category,general_feedback_complaint,0.95,"The user states that relevant issues are not listed in the issue category, indicating a general complaint about the support system’s categorization. This aligns with the general feedback/complaint intent.",True,0.0
amazonhelp_gold_0018,amazonhelp,"@115850 @AmazonHelp As per Great India Sale on 9th August to 12th August 2017, i should get 15% cashback of ₹750.60 for order value ₹5004 .I made payment using SBI Credit card through Amazon mobile app.But i had received only 10% cashback of ₹500.40 on 11th Nov 2017.",refund_return_cancellation,0.95,"The customer is complaining about not receiving the expected cashback amount from a promotional offer, which is effectively a refund/credit issue. This falls under the refund/return/cancellation category as it involves a monetary discrepancy that needs resolution.",False,0.8689
amazonhelp_gold_0019,amazonhelp,@AmazonHelp ...there about this and explain my side.,general_feedback_complaint,0.8,"The user’s message is vague but indicates a desire to explain their side, suggesting a general grievance or complaint rather than a specific issue about orders, returns, billing, account security, devices, or third‑party sellers.",True,0.0
amazonhelp_gold_0020,amazonhelp,@AmazonHelp Give a timeline else will escalate at highest level. It has been 21 days back& forth harassment. Multiple emails. No energy & patience now,general_feedback_complaint,0.95,"The customer is expressing frustration over a prolonged unresolved issue, threatening escalation, and is not requesting a specific service action such as tracking, refund, or account help. This fits the general grievance category.",True,-0.6501
amazonhelp_gold_0021,amazonhelp,@115851 I think u should seriously stop promoting TCL in India. Also Amazon has to work on their vendors Warranty policy,general_feedback_complaint,0.95,"The user expresses dissatisfaction with Amazon’s promotion of TCL and requests changes to vendor warranty policy, which is a general complaint about service and policy, fitting the general_feedback_complaint intent.",True,0.0772
amazonhelp_gold_0022,amazonhelp,@AmazonHelp That page doesn't have those items listed.,seller_product_inquiry,0.95,"The user states that a page does not list the items, indicating a concern about product availability or listing details, which aligns with the seller_product_inquiry intent.",False,0.0
amazonhelp_gold_0023,amazonhelp,@AmazonHelp as per u offer i should get exchange offer of 4397 rs but it is showing 2397 because u are giving extra 2000 of on exchange on moto g5s plus.,refund_return_cancellation,0.95,"The customer is discussing an exchange offer discrepancy, indicating a request related to returning or exchanging an item and the associated refund or credit amount.",False,0.4767
amazonhelp_gold_0024,amazonhelp,@AmazonHelp what does it take to get an answer on #sellercentral Our key product line has been down and your customers missed the huge sale! Have you abandoned #smallbusiness all together on @115821 ? Case ID [ORDER_ID],seller_product_inquiry,0.95,"The customer references ""#sellercentral"" and complains that their key product line has been down, causing missed sales for customers. This directly relates to third‑party seller issues such as product availability and stock concerns, which falls under the seller_product_inquiry intent.",True,-0.4926
amazonhelp_gold_0025,amazonhelp,850... and yet no response from Amzone. Big round of applause for AMAZONE.@121284 @45204 https://t.co/GXxZl2JvNc,general_feedback_complaint,0.95,"The customer expresses frustration about not receiving a response from Amazon, which falls under a general service complaint rather than a specific issue like order tracking, returns, billing, or technical support.",True,0.1531
amazonhelp_gold_0026,amazonhelp,@AmazonHelp I have filled the form with the details. I had faced similar issue earlier once too. It seems these kind of issues are happening repeatedly now. Please do something about it. It definitely creates a wrong impression for Amazon. Consider this as an escalation.,general_feedback_complaint,0.98,"The customer is expressing frustration about repeated issues, wants escalation, and is giving general feedback about Amazon’s service, which aligns with the general grievance category.",True,0.6808
amazonhelp_gold_0027,amazonhelp,@AmazonHelp okay thanks for your help,general_feedback_complaint,0.95,"The user expresses gratitude and thanks, which falls under general feedback or praise. No other intent categories apply.",True,0.7579
amazonhelp_gold_0028,amazonhelp,@AmazonHelp Training to cancel this but no option so i sent email to that Contact Us option https://t.co/y22a3VEPdR,refund_return_cancellation,0.98,The customer explicitly states they want to cancel an order and have emailed the Contact Us option because no cancellation option was available. This matches the cancellation aspect of the refund/return/cancellation intent.,True,-0.5106
amazonhelp_gold_0029,amazonhelp,"@AmazonHelp 21 hours since your team is ""actively"" working to process one order. I need it delivered today.",order_tracking_delivery,0.95,"The customer is complaining about a delay in order processing and explicitly requests delivery today, indicating a concern about the status and timing of their shipment.",False,0.3182
amazonhelp_gold_0030,amazonhelp,@AmazonHelp Except I’m in South Africa at the moment and this friend of mine was going to bring the package to me since you don’t deliver to South Africa?,order_tracking_delivery,0.92,"The customer is asking about the possibility of receiving a package in South Africa, which relates to delivery availability and location restrictions—an aspect of order delivery. This falls under the order tracking and delivery intent.",False,0.5789
amazonhelp_gold_0031,amazonhelp,@AmazonHelp that page doesn't help me because i don't have a printer...i need to speak to someone on phone. thank you!,general_feedback_complaint,0.8,"The customer explicitly requests to speak to someone on the phone, indicating a need for direct support or escalation, which aligns with the general feedback/complaint category that covers requests to speak with a supervisor or higher-level support.",True,0.1366
amazonhelp_gold_0032,amazonhelp,"@AmazonHelp I tried all the usual stuff, That doesn’t help. You give examples of phrases to use to trigger routines but when I use the examples Alexa tells me she can’t execute this.",digital_services_devices,0.97,"The user reports a problem with Alexa routines not executing, which is a technical issue related to an Alexa/Echo device. This falls under the digital_services_devices intent category.",False,0.2144
amazonhelp_gold_0033,amazonhelp,@AmazonHelp It was listed as sold by Amazon LLC. Both the models we're sold by Amazon. It causes serious inconvenience when you get it wrong the second time too. I need an answer for the same.,seller_product_inquiry,0.95,"The customer references the product being listed as sold by Amazon LLC and expresses frustration about incorrect seller information. This falls under inquiries about third‑party sellers, product authenticity, and seller details.",True,-0.5423
amazonhelp_gold_0034,amazonhelp,@115821 y’all need to fire@amzlus. Not reliable. #sadbirthdayboy if his present isn’t here in time 😡,order_tracking_delivery,0.95,"The customer is concerned that a gift (present) may not arrive on time, indicating a delivery delay or tracking issue. This falls under order tracking and delivery status inquiries.",False,0.0
amazonhelp_gold_0035,amazonhelp,"Hey @AmazonHelp! I need to file a claim on a package. It never showed up, but says delivered. Please and thank you for the assistance!",order_tracking_delivery,0.98,"The customer is reporting a missing package that is marked as delivered and wants to file a claim. This is a delivery status issue, fitting the order tracking and delivery intent.",False,0.7772
amazonhelp_gold_0036,amazonhelp,@Amazonhelp recently ordered a $16.02 poster frame and it arrived broken to pieces. I had to pay to send it back for replacement - cost me $30. Total price will be $56.00 for a $16.00 poster. Not happy. Should've clicked refund instead. Very dissatisfied.,refund_return_cancellation,0.95,"The customer reports a damaged product, incurred return shipping costs, and expresses dissatisfaction with the refund process, indicating a request for a refund or return. This aligns with the ""Returns, Refunds & Order Cancellation"" intent.",True,-0.8552
amazonhelp_gold_0037,amazonhelp,"@AmazonHelp Hi , not able to initiate return . On click on ""Return items"" button under ""Start a return"" , it takes me to orders page. There i can see my order but there is no option on initiate return",refund_return_cancellation,0.95,"The customer is unable to start a return process for an order, which directly relates to return and refund procedures.",False,-0.4215
amazonhelp_gold_0038,amazonhelp,"@115821 I returned an item to your location at College Park, MD, but you say you haven't received it. What should I do?",refund_return_cancellation,0.98,"The customer is discussing a returned item that the seller claims has not been received, which is a return issue. This falls squarely under the returns, refunds, and cancellations category.",False,0.0
amazonhelp_gold_0039,amazonhelp,@AmazonHelp It was https://t.co/1dWwEv9FhU my email is __email__ And the order number is [ORDER_ID] it's really annoying that I have to order same product 3 times and still it's undeliverable.,order_tracking_delivery,0.95,"The customer is complaining that their order is undeliverable and has had to reorder multiple times, indicating a delivery tracking issue. This falls under the order tracking and delivery status category.",False,-0.4005
amazonhelp_gold_0040,amazonhelp,"Thanks for doing such a ""careful"" job packing this for shipping, @115821. Love getting damaged packaging. :/ https://t.co/E8vMtseKL5",general_feedback_complaint,0.95,"The customer expresses dissatisfaction with damaged packaging, which is a general complaint about service quality rather than a request for a return, refund, or other specific action.",True,0.5267
amazonhelp_gold_0041,amazonhelp,@AmazonHelp Today. I ordered on Sunday https://t.co/T3gve74D1E,order_tracking_delivery,0.95,"The user mentions placing an order on Sunday and is likely seeking information about the status or delivery of that order, which falls under order tracking and delivery inquiries.",False,0.0
amazonhelp_gold_0042,amazonhelp,"Hi @145910 I have made a service purchase with @115850 India they haven't given me a invoice, and no details of GST paid is displayed",general_feedback_complaint,0.85,"The customer is complaining about missing invoice and GST details for a service purchase, which is a service dissatisfaction issue. This falls under general grievances and escalation rather than a specific category like Prime billing or returns.",True,-0.296
amazonhelp_gold_0043,amazonhelp,@AmazonHelp hi i appear to have paid for my gift card twice?,prime_subscription_billing,0.8,"The customer reports a duplicate payment for a gift card, which is a card charge issue. According to the rubric, card charge questions fall under the prime_subscription_billing intent. The query does not explicitly request a refund or return, so this intent is the most appropriate.",False,0.4404
amazonhelp_gold_0044,amazonhelp,"@AmazonHelp for you dealing with vendors and make him accept is not big deal, why do you keep the cap of 30 days",refund_return_cancellation,0.95,"The customer references a 30‑day cap, which is a common limitation on returns or refunds, indicating a request or complaint about return/refund policy. This aligns with the refund_return_cancellation intent.",False,0.3818
amazonhelp_gold_0045,amazonhelp,@AmazonHelp Send me the link,seller_product_inquiry,0.6,"The user requests a link, which most likely refers to a product or seller-related resource. No other intent categories match a simple link request, so the closest fit is seller_product_inquiry.",False,0.0
amazonhelp_gold_0046,amazonhelp,@115850 This has not been fulfilled. Now what is it that I can do. I purchased your service and didn't provide it to me. https://t.co/JjBojqXx59,general_feedback_complaint,0.92,"The customer states that a purchased service has not been fulfilled and expresses frustration, which aligns with a general grievance or complaint about service delivery. No specific request for a refund, return, or technical troubleshooting is mentioned, so the most appropriate category is a general feedback/complaint.",True,-0.3252
amazonhelp_gold_0047,amazonhelp,@AmazonHelp my account is locked and I haven’t received my email yet on how to unlock it. I’ve looked in my junk mail as well.,account_security_access,0.95,"The customer states their account is locked and they have not received an email to unlock it, indicating an issue with account access and security (OTP/email reset).",True,0.2732
amazonhelp_gold_0048,amazonhelp,@115821 3. If I have to go to mrkt for courier then why not to purchase from mrkt only? What is the fun of taking prime membership,prime_subscription_billing,0.95,"The customer is questioning the value and benefits of a Prime membership, which directly relates to Prime membership and billing inquiries.",False,0.5106
amazonhelp_gold_0049,amazonhelp,"@AmazonHelp Pickup Tracking ID:[ORDER_ID] - my return package was scheduled to be picked up yesterday, but i am yet to hear from the carrier team! Please expedite the process!!",refund_return_cancellation,0.95,"The customer is inquiring about a scheduled return pickup that has not yet occurred, which falls under return and refund processes.",False,0.5894
amazonhelp_gold_0050,amazonhelp,"@AmazonHelp I need your help! I created an account, then I bought something, now I don't remember the email I used. Help me!",account_security_access,0.95,"The user is asking for help to recover the email address used for their Amazon account, indicating an issue with account access and identity verification.",True,0.7896
amazonhelp_gold_0051,amazonhelp,"@115830, please fix your video player on the @248243! Ffwd & Rewind are shite! I can either skip through at a snails pace or half the movie in about 3 seconds. Shocking!",digital_services_devices,0.98,"The customer is complaining about playback issues (forward/rewind) with a video player, which falls under troubleshooting digital services such as Prime Video playback errors.",False,-0.3129
amazonhelp_gold_0052,amazonhelp,@127187...congratulations for making amazon india's fake and fraudlent company. am sending legal notice to you nd jeff shortly.,general_feedback_complaint,0.95,"The user is expressing a strong complaint about Amazon India, labeling it as fake and fraudulent, and threatening to send a legal notice. This falls under a general grievance or escalation scenario, matching the 'general_feedback_complaint' intent.",True,-0.2263
amazonhelp_gold_0053,amazonhelp,"@AmazonHelp Not usps or ups. ""Guy in an unmarked van who shows up whenever delivery service""",order_tracking_delivery,0.97,"The customer is describing an issue with the delivery service, specifically a delivery person in an unmarked van, indicating a concern about where the order is and how it is being delivered. This falls under delivery tracking and status inquiries.",False,0.0
amazonhelp_gold_0054,amazonhelp,@115850 I have escalated in the past but there's no outcome. What's the use of escalation if there is no action.,general_feedback_complaint,0.95,"The customer is expressing frustration about the lack of outcome from previous escalations, indicating a general service complaint rather than a specific issue with orders, returns, billing, account security, devices, or third‑party sellers.",True,-0.6808
amazonhelp_gold_0055,amazonhelp,@AmazonHelp Was Really excited about the Orzly tempered glass. Heard a lot about it 😞,seller_product_inquiry,0.72,"The user references a specific product (Orzly tempered glass) and expresses disappointment, indicating interest in the product’s quality or details. No request for return, refund, or account action is present, so the most appropriate category is a third‑party seller product inquiry.",False,-0.1045
amazonhelp_gold_0056,amazonhelp,@AmazonHelp No one responded to my question of why aadhar card needs to be linked with amazon account?,account_security_access,0.92,"The customer is asking about why an Aadhaar card needs to be linked to their Amazon account, which relates to account verification and security procedures. This falls under the account security and access category. No other intent matches this query.",True,-0.128
amazonhelp_gold_0057,amazonhelp,@AmazonHelp I have the email.,account_security_access,0.6,"The user references having an email, which suggests they may be trying to verify or access their account. This aligns with the account access and security intent.",True,0.0
amazonhelp_gold_0058,amazonhelp,@115850 @115821 I'm planning to buy @117634 for mom. Do you have Kannada books collections?,seller_product_inquiry,0.98,"The user is asking about the availability of Kannada books collections, which is a product availability question related to third‑party sellers or stock. This falls under the seller_product_inquiry intent.",False,0.0
amazonhelp_gold_0059,amazonhelp,@115850 So much irritate Situation Amazon Courier Agent Not delivered My prepaid order he mark it Refuse without attempt #[ORDER_ID],order_tracking_delivery,0.95,"The customer reports that the Amazon courier agent refused to deliver the prepaid order without attempting delivery, indicating a delivery status issue. This falls under the order tracking and delivery intent.",True,-0.5542
amazonhelp_gold_0060,amazonhelp,"@115821 it is ridiculously hard to close an amazon account. It’s almost like you don’t care about your customers, and you’re forcing them to stay. Honestly, that just makes me want to close it more.",general_feedback_complaint,0.92,"The user expresses frustration and dissatisfaction with the difficulty of closing an Amazon account, which is a general grievance about service quality. This aligns with the ""general_feedback_complaint"" category, as it involves a complaint about the customer experience rather than a specific functional request such as tracking, returns, or technical support.",True,0.7655
amazonhelp_gold_0061,amazonhelp,Just found out that my Halloween costume will be delivered on Friday the 13th 😯 @115830 how convenient of you,order_tracking_delivery,0.95,"The customer is inquiring about the delivery date of their order (Halloween costume) and expresses concern about the timing, which falls under delivery status inquiries.",False,0.0
amazonhelp_gold_0062,amazonhelp,@AmazonHelp Filled it out. Still heard nothing. Glad I PAY for this bull shit service.,general_feedback_complaint,0.95,"The customer expresses frustration and dissatisfaction with Amazon’s help service, indicating a general complaint rather than a specific request about orders, returns, billing, account security, digital devices, or third‑party sellers.",True,-0.6418
amazonhelp_gold_0063,amazonhelp,"@AmazonHelp you seriously need to sort out your delivery drivers, 3 horrific deliveries in 2 weeks, disgusting, it's not on.",general_feedback_complaint,0.95,"The customer is expressing strong dissatisfaction with delivery drivers and multiple late deliveries, which is a general grievance rather than a specific request for tracking, refund, or technical support.",True,-0.8591
amazonhelp_gold_0064,amazonhelp,@115850 hypocrisy?😢 #AmazonIndia https://t.co/vmYB0GIc7A,general_feedback_complaint,0.95,"The user expresses dissatisfaction or complaint about Amazon India, indicated by the hashtag and emoticon, without referencing a specific order, refund, account, device, or seller issue. This aligns with the general grievance category.",True,-0.4767
amazonhelp_gold_0065,amazonhelp,"I have received only 500 cashback instead of 1000 for buying Nokia 6 @115850, very bad experience",refund_return_cancellation,0.95,"The customer is complaining about receiving an incorrect cashback amount, which is a type of refund discrepancy. This falls under the refund/return category.",True,-0.5849
amazonhelp_gold_0066,amazonhelp,This isn't 1 day delivery @115830 mate https://t.co/mY1w7kJ47b,order_tracking_delivery,0.95,"The customer complains that the delivery is not 1‑day as expected, indicating a concern about the status or delay of their shipment.",False,0.0
amazonhelp_gold_0067,amazonhelp,@AmazonHelp I'm frustrated with amazon and iam angry,general_feedback_complaint,0.95,"The user expresses frustration and anger towards Amazon, indicating a general complaint or dissatisfaction with service. This aligns with the 'general_feedback_complaint' intent, which covers broad grievances and demands for escalation.",True,-0.7184
amazonhelp_gold_0068,amazonhelp,"@AmazonHelp It was a small misunderstanding! He was around the corner. Got it!!! Ya’ll are great, I love the maps service and also the fact that you tweeted me.",general_feedback_complaint,0.99,"The customer is expressing positive feedback and appreciation for Amazon’s services (maps and tweets). This falls under the general feedback category, which includes praise or general comments about service.",True,0.8257
amazonhelp_gold_0069,amazonhelp,"@AmazonHelp I’ve literally only once gotten a package on time. The rest have been lost or late, regardless of carrier. Amazon Logistics lost the one that was supposed to come today",order_tracking_delivery,0.95,"The customer reports a lost package that was expected to arrive today, indicating a delivery tracking issue. This falls under inquiries about late shipments, missing delivery packages, and carrier delays.",False,-0.4404
amazonhelp_gold_0070,amazonhelp,@115830 can you please help,general_feedback_complaint,0.4,"The query is a generic request for assistance with no specific context. None of the other intent categories (order tracking, refunds, Prime billing, account security, digital devices, seller inquiries) are explicitly referenced. The most appropriate fallback category for a general help request is the general feedback/complaint intent.",True,0.6124
amazonhelp_gold_0071,amazonhelp,"@AmazonHelp a parcel was supposed to arrive by the latest Saturday and it still hasn’t arrived, please help locate it as I’m waiting",order_tracking_delivery,0.99,"The customer is asking for help locating a parcel that was expected to arrive by a specific date and has not yet arrived, which directly relates to order tracking and delivery status.",False,0.6124
amazonhelp_gold_0072,amazonhelp,@115850 pls look into this asap https://t.co/2sGN1WBeDh,general_feedback_complaint,0.6,"The user is requesting urgent assistance with an unspecified issue linked via a URL. No specific keywords indicate an order tracking, refund, Prime billing, account security, device troubleshooting, or seller inquiry. The most appropriate category for a general request for help or complaint is `general_feedback_complaint`.",True,0.0772
amazonhelp_gold_0073,amazonhelp,So @115821 is 0 for 3 with deliveries yesterday and today. Brick and mortar purchasing looks better and better every day.,general_feedback_complaint,0.72,"The user comments on delivery performance and expresses a positive opinion about brick‑and‑mortar purchasing. This is a general feedback statement rather than a specific request for tracking, returns, billing, security, device support, or seller inquiry.",True,0.7003
amazonhelp_gold_0074,amazonhelp,@AmazonHelp Good news. The site is back and loads just fine now.,general_feedback_complaint,0.95,"The customer is expressing positive feedback about the site functioning properly, which aligns with the general feedback or praise category.",True,0.5719
amazonhelp_gold_0075,amazonhelp,@115830 I waited most of the day. Wasn't told I needed a signature but didn't want it left by the bin. Absolutely no idea where it is now! https://t.co/ZPAdxT9QGn,order_tracking_delivery,0.99,"The customer is asking about the location of a delivery that was not signed for and is missing, which falls under delivery status and tracking inquiries.",True,-0.5946
amazonhelp_gold_0076,amazonhelp,@AmazonHelp I did not receive that or a copy of my chat transcript,general_feedback_complaint,0.95,"The user is complaining about not receiving a chat transcript, which is a general service grievance rather than an order, return, billing, account, device, or seller issue. Thus it falls under the general_feedback_complaint category.",True,0.0
amazonhelp_gold_0077,amazonhelp,@AmazonHelp I tried connecting with your customer service team and courier service team as but didn't got any results. Its already three days as passed.,order_tracking_delivery,0.92,"The customer is expressing frustration about not receiving any response from customer service and the courier team after three days, indicating a concern about the status or delay of a delivery.",False,0.0
amazonhelp_gold_0078,amazonhelp,Anyone else feel like @115821 is slacking lately? I ordered a Santa pacifier and received fruit shaped teething toys instead and now for the 3rd time in the last few months one of our packages is marked delivered and it’s no where in sight? #ANNOYED,refund_return_cancellation,0.95,"The customer reports receiving incorrect items (fruit‑shaped teething toys instead of a Santa pacifier) and missing packages that are marked delivered. These issues are typical of return, refund, or cancellation requests for wrong or missing merchandise.",True,-0.5256
amazonhelp_gold_0079,amazonhelp,"@AmazonHelp @115850 please assist on above issue- have deleted and repurchased book again, but it hasn't been delivered to the Kindle.",digital_services_devices,0.95,"The user is reporting a problem with a Kindle e-book that was repurchased but not delivered to the device, which is a digital content delivery issue.",True,0.1655
amazonhelp_gold_0080,amazonhelp,Ordered the new OnePlus 5T from Amazon with guaranteed next day delivery. Received this because Amazon has grown ears and think they an take their customers for a swing..! Order No. [ORDER_ID] @115821 @132994 @139570 @AmazonHelp @115850 @118919 https://t.co/gPr662o3UR,refund_return_cancellation,0.92,"The customer complains about receiving an incorrect item after ordering a OnePlus 5T with guaranteed next‑day delivery. This falls under the category of returns, refunds, or order cancellations for a wrong or unsatisfactory product.",False,0.4003
amazonhelp_gold_0081,amazonhelp,@115850 long wait and tht 2 for a wrng prodct.ordered strip lights 4 Diwali but recvid sum dummy toys in place.sav my Diwali from ruining https://t.co/WbWMj4k220,refund_return_cancellation,0.95,"The customer reports receiving the wrong product (dummy toys instead of strip lights) and expresses frustration, indicating a desire to return the item or get a refund.",False,-0.3612
amazonhelp_gold_0082,amazonhelp,So that’s the 2nd item in 2 days that has been sent out without packing. This time a printer with a hole in the box and corners crushed. What if it had been for a present?? Piss poor @115830 . Yet I get warnings about packaging stuff up properly if I need to return it 🙄.,refund_return_cancellation,0.95,"The customer reports receiving a damaged printer (hole in box, crushed corners) and expresses frustration about packaging. They mention needing to return the item and are concerned about packaging for the return. This clearly falls under the category of returns, refunds, and order cancellation for damaged goods.",True,-0.8796
amazonhelp_gold_0083,amazonhelp,@118919 Hello my cashback in lost big billions sale was not revived yet. I made 7000 inr purchase,refund_return_cancellation,0.92,"The customer is complaining that a cashback (a form of refund or credit) has not been credited after a purchase, which falls under the refund/return category.",False,-0.3182
amazonhelp_gold_0084,amazonhelp,@AmazonHelp Faulty tv returned and received by you 15/11. 4 times. Verbal chat and 2 emails you have told me you will process a refund still awaiting and my account for item still says pending return of item. My last email to you was today.,refund_return_cancellation,0.95,"The customer is following up on a returned faulty TV, requesting a refund that has not yet been processed and noting that the account still shows a pending return. This clearly falls under the returns, refunds, and cancellations category.",False,-0.3182
amazonhelp_gold_0085,amazonhelp,@AmazonHelp Please resend survey to me. Deng rang finally after i complained on here but she got cut off. She cant even make a phone call,general_feedback_complaint,0.95,"The user is requesting a resend of a survey and expresses frustration about a phone call being cut off. This falls under general service dissatisfaction and feedback, not related to orders, returns, Prime billing, account security, digital devices, or third‑party seller issues.",True,-0.431
amazonhelp_gold_0086,amazonhelp,$15 for shipping on a 16lb bag of cat food is robbery! Can I transfer my gift card balance back to my debit card? @115821 @AmazonHelp,general_feedback_complaint,0.92,"The user expresses strong dissatisfaction with the shipping cost and asks about transferring a gift card balance, indicating a general complaint about service and billing practices rather than a specific request for a return, refund, or account access. This aligns with the general feedback/complaint category.",True,0.4926
amazonhelp_gold_0087,amazonhelp,😭😭😭😭😭😭😭😭😭😭😭😭😭😭😭😭😭😭 JVIEN D’ACHETER UN COQUE À MA SŒUR !!! JE COMPREND PAS @120533 https://t.co/AETGaSLAlf,seller_product_inquiry,0.92,"The user is expressing a desire to purchase a case for their sister and indicates confusion about the process. This falls under inquiries about product availability, purchasing, or third‑party seller details, which aligns with the seller_product_inquiry intent.",True,-0.995
amazonhelp_gold_0088,amazonhelp,@115850 unable to subscribe prime with amazon pay. Please help. 📱[ORDER_ID],prime_subscription_billing,0.95,"The customer is attempting to subscribe to Amazon Prime and is encountering a payment issue using Amazon Pay, which falls under Prime membership and billing inquiries.",False,0.6486
amazonhelp_gold_0089,amazonhelp,@AmazonHelp I can't see the carrier. It was supposed to be delivered yesterday. Didn't get delivered yesterday or today even though they were in my area,order_tracking_delivery,0.95,"The customer is asking about a missing delivery that was expected yesterday and today, indicating a delivery status or tracking issue.",False,0.0
amazonhelp_gold_0090,amazonhelp,"@AmazonHelp It says 'no orders or transactions found'. I'm really concerned. I pre-ordered the book montha ago, back in august.",order_tracking_delivery,0.95,"The customer reports that the system shows 'no orders or transactions found' despite having pre-ordered a book in August, indicating a concern about the status or visibility of an order. This falls under inquiries about order tracking and delivery status.",False,0.0
amazonhelp_gold_0091,amazonhelp,@AmazonHelp Yes it has and my sister emailed whoever to see if they can deliver to my new address as i made a mistake i guess & selected old address..😞,order_tracking_delivery,0.85,"The customer is asking about changing the delivery address for an order, which falls under delivery-related inquiries. The closest matching intent is order_tracking_delivery, as it covers issues related to order delivery and location.",False,-0.4215
amazonhelp_gold_0092,amazonhelp,"@AmazonHelp I've ordered a total of three physical things from Amazon over the years, and not one of them has been properly delivered.",order_tracking_delivery,0.95,"The customer is complaining that none of their physical orders have been properly delivered, indicating a delivery tracking or fulfillment issue. This falls squarely under the ""Order Tracking & Delivery Status"" intent.",False,0.1779
amazonhelp_gold_0093,amazonhelp,@AmazonHelp Wake up. Nothing is returned. I have better options to reorder.,order_tracking_delivery,0.92,"The user states ""Nothing is returned"" and expresses a desire to reorder, indicating a concern about the status or delivery of an order. This aligns with inquiries about order tracking and delivery status.",False,0.4404
amazonhelp_gold_0094,amazonhelp,@115821 Got a package that was open and no merchandise inside. Your site says to get a refund I need to send the item back. I hope someone can help because otherwise this holiday season is starting off crappy. #icantsendbackwhatididntget,refund_return_cancellation,0.95,"The customer reports an opened package with no merchandise and requests a refund, indicating a return/refund issue. No other intent categories apply.",False,0.4451
amazonhelp_gold_0095,amazonhelp,@AmazonHelp Does amazon have any alternative resolutions team they work with. Or have an address that I can send a complaint letter to,general_feedback_complaint,0.98,"The user is requesting an alternative resolution team or a mailing address to send a complaint letter, indicating a desire to lodge a formal grievance or escalation. This aligns with the general feedback and complaint category.",True,-0.128
amazonhelp_gold_0096,amazonhelp,@AmazonHelp Yeah have tried clearing cache and on desktop + mobile :( can you cancel it for me please? https://t.co/vboUKRaB26,refund_return_cancellation,0.95,"The user explicitly requests a cancellation of an order, which falls under the Returns, Refunds & Order Cancellation category.",False,-0.1027
amazonhelp_gold_0097,amazonhelp,No halloween costume for me after another no show by @115830. Prime? Prime time wasters 😑,seller_product_inquiry,0.92,"The customer complains about a seller not delivering a Halloween costume and questions whether the order is Prime, indicating a problem with a third‑party seller’s fulfillment. This aligns with the seller_product_inquiry intent.",True,-0.5267
amazonhelp_gold_0098,amazonhelp,@115830 How am I supposed to contact you via email now? Contact us redirects to chat. I didn't get a discount on an order. @AmazonHelp,general_feedback_complaint,0.72,"The user is expressing frustration about not receiving a discount and is also seeking a way to contact support via email, indicating a general grievance with the support process rather than a specific order or product issue. This aligns best with the general feedback/complaint category.",True,0.0
amazonhelp_gold_0099,amazonhelp,"@AmazonHelp I have a motherboard that's not opened, is there anyway I can return it for a newer product and pay the difference?",refund_return_cancellation,0.99,"The customer is asking to return an unopened motherboard and exchange it for a newer product, which is a return/exchange request. This falls under the ""refund_return_cancellation"" intent.",False,-0.1027
amazonhelp_gold_0100,amazonhelp,"@AmazonHelp hi, I received my order and unfortunately it is damaged as it has been rolling around a box. Can you please advise what can be done? Thank you",refund_return_cancellation,0.99,"The customer reports a damaged item received in shipment and asks for guidance on what to do, which aligns with requests for returns, refunds, or replacements for damaged goods.",False,-0.128
amazonhelp_gold_0101,amazonhelp,@AmazonHelp Thank you for the swift reply.,general_feedback_complaint,0.95,"The customer expresses gratitude and compliments the agent’s quick response, which aligns with the positive feedback category under general feedback and complaints.",True,0.5106
amazonhelp_gold_0102,amazonhelp,"@115821 Are an absolute joke for “collecting” parcels, 3 days I’ve been waiting, everyday I’ve been told, “100% getting collected today”. What a waste of my holidays from work. #disappointment #wasteoftime",order_tracking_delivery,0.95,"The customer is complaining about a delayed parcel collection, stating they have been waiting for 3 days and have not received the expected pickup. This falls under delivery tracking and delay inquiries.",False,-0.3182
amazonhelp_gold_0103,amazonhelp,@AmazonHelp Still waiting,order_tracking_delivery,0.9,"The customer’s brief message ""Still waiting"" indicates they are awaiting the arrival of an order or shipment, which falls under order tracking and delivery status inquiries.",False,0.0
amazonhelp_gold_0104,amazonhelp,@115850 I UNABLE TO ADD MONEY ON AMAZON PAY BALANCE,account_security_access,0.6,"The customer is reporting an inability to add money to their Amazon Pay balance, which is an account-related payment issue. Among the provided categories, the closest match is account_security_access, as it covers account access and related problems.",True,0.0772
amazonhelp_gold_0105,amazonhelp,@116090 @115833 What do they do?,seller_product_inquiry,0.6,"The user references two identifiers (@116090 @115833) and asks ""What do they do?"", which suggests a question about the role or offerings of the entities associated with those identifiers, likely third‑party sellers or products. This aligns with the seller_product_inquiry intent.",False,0.0
amazonhelp_gold_0106,amazonhelp,@116618 what's up with this? A lot of videos are saying I'm unable to watch and some I've purchased. https://t.co/mb1jfEsP0L,digital_services_devices,0.95,"The user reports issues with watching videos, including purchased ones, indicating a playback or digital content problem. This aligns with the digital services and devices category for Kindle, Fire TV, Prime Video, etc.",False,0.0
amazonhelp_gold_0107,amazonhelp,@AmazonHelp I need refund! Stop ur #harassment,refund_return_cancellation,0.95,"The user explicitly requests a refund and expresses frustration, indicating a return or cancellation request. No other intent categories are relevant.",True,-0.7177
amazonhelp_gold_0108,amazonhelp,@115821 @115850 When do you guys plan to get calling/SMS features to Alexa's in India? #alexa,digital_services_devices,0.99,"The customer is asking about a feature (calling/SMS) for Alexa devices in India, which falls under troubleshooting or feature inquiries for Alexa/Echo smart speakers.",False,0.0
amazonhelp_gold_0109,amazonhelp,@115850 @AmazonHelp please save me from anarchist and unprofessional treatment of Amazon India. Amazon India's procedural excuses are making sure I don't get my order delivered since 10 days though I paid for next day delivery.,order_tracking_delivery,0.95,"The customer complains that their order, paid for next‑day delivery, has not arrived after 10 days, indicating a delivery delay and tracking issue.",False,0.7096
amazonhelp_gold_0110,amazonhelp,@AmazonHelp Yup. I don't understand why this is so hard! Why can't I sell on Amazon?,seller_product_inquiry,0.99,"The user is asking why they cannot sell on Amazon, which is a question about third‑party seller access and policies, fitting the seller_product_inquiry intent.",False,-0.1175
amazonhelp_gold_0111,amazonhelp,@AmazonHelp I just canceled a $500+ order because your entire CS team is beyond inept because your logistics sent to wrong address #worst,refund_return_cancellation,0.97,"The customer explicitly states they have canceled a $500+ order and is dissatisfied with the logistics. The primary request is a cancellation, which falls under the refund/return/cancellation category.",True,-0.802
amazonhelp_gold_0112,amazonhelp,@AmazonHelp Multiple calls has been done to CC for my cashback of 700rs but everytime i m listening that issue has been escalated.,refund_return_cancellation,0.92,"The customer is seeking a refund (cashback) for a previous purchase and reports repeated attempts to resolve the issue with customer care. This falls under the refund, return, or cancellation category.",True,0.0
amazonhelp_gold_0113,amazonhelp,@AmazonHelp Thanks for the info! No worries at all. One more question. I've enabled Notifications for AccuWeather on Alexa. Is there anything else I need to do for weather alert notifications? Thanks!,digital_services_devices,0.95,"The user is asking about enabling notifications for AccuWeather on Alexa and whether any additional steps are needed for weather alert notifications, which is a technical question related to an Alexa device. This falls under the digital_services_devices intent.",False,0.8725
amazonhelp_gold_0114,amazonhelp,@115850 Trying to order a mobile in the app. But the item is not deliverable to pincode 586203. Emailed your team and not satisfied.,general_feedback_complaint,0.92,"The customer is expressing dissatisfaction because the item cannot be delivered to their pincode and they have already emailed the team without resolution. This is a general grievance about service delivery, fitting the ""general_feedback_complaint"" category.",True,-0.4585
amazonhelp_gold_0115,amazonhelp,"@115821 cheating Amazon, I ordered Moto g5 s plus mobile,but you sent me micromax mobile .I complained in customer care ,but there is no use",refund_return_cancellation,0.97,"The customer reports receiving the wrong product (Micromax instead of Moto G5s Plus) and expresses frustration after contacting customer care. This is a request to rectify a delivery error, typically handled by returning the incorrect item and obtaining a refund or replacement, which aligns with the 'refund_return_cancellation' intent.",True,-0.5423
amazonhelp_gold_0116,amazonhelp,"It’s like the battery I ordered asked to be upgraded to Business Class with extra leg room. Bonkers box choice, @115821 https://t.co/WVBJaPAvHa",general_feedback_complaint,0.6,"The user expresses dissatisfaction with the packaging choice (“Bonkers box choice”) and uses a sarcastic tone about an unrelated item (“battery… upgraded to Business Class”). This indicates a general complaint or feedback rather than a specific request about tracking, returns, billing, or technical support.",True,0.3612
amazonhelp_gold_0117,amazonhelp,"@115821 where the hell is my order? It was supposed to be here about 1 week ago , and i still havent recieved it. #upset .",order_tracking_delivery,0.99,"The customer is asking about the location and delay of an order that was expected a week ago, which directly relates to order tracking and delivery status.",True,-0.5293
amazonhelp_gold_0118,amazonhelp,Tonight's costume is brought to you by @115821 Prime's inability to deliver packages when they promise. Thanks guys! Happy Halloween!,order_tracking_delivery,0.95,"The customer is complaining about Prime’s failure to deliver packages on time, which falls under delivery tracking and status issues.",False,0.7772
amazonhelp_gold_0119,amazonhelp,@115821 can we choose not to receive packages from AMZL US? The delivery guy was pretty rude.,order_tracking_delivery,0.95,"The customer is asking about opting out of receiving packages from a specific carrier (AMZL US) and mentions a rude delivery person, which relates to delivery service and carrier issues.",False,0.0516
amazonhelp_gold_0120,amazonhelp,"Thanks @115821 for the #NotSameDayDelivery because your carrier needed ""further instructions"". Would have been nice much earlier today.",order_tracking_delivery,0.95,"The customer references a delivery delay (#NotSameDayDelivery) and mentions the carrier needing further instructions, indicating a concern about the status and timing of their shipment.",False,0.6908
amazonhelp_gold_0121,amazonhelp,"@AmazonHelp My theory is it might’ve gotten placed in a different mailbox by mistake, but it’s illegal to check that and I don’t want to break laws🤷🏽‍♀️",order_tracking_delivery,0.95,"The user is concerned about a missing package and suspects it may have been placed in a different mailbox. This is a delivery tracking issue, fitting the order_tracking_delivery intent.",True,-0.7311
amazonhelp_gold_0122,amazonhelp,"@120169 @133929 @115821 @AmazonHelp delivery of this package thru @120169 tracking id-[ORDER_ID] has been turned into a joke,according2 @115821 package has gone back 2Amman frm Kolkata&stuck in natural disaster while @120169 says stuck in Customs in India,simply unbelievable! https://t.co/MycKVdBLno",order_tracking_delivery,0.99,"The customer is asking about the status of a delivery, mentioning tracking ID, customs, and delivery delays, which aligns with order tracking and delivery inquiries.",True,-0.4753
amazonhelp_gold_0123,amazonhelp,@8623 @AmazonHelp was really happy with your service untill this happened. Pathetic! https://t.co/SeR6D54mzj,general_feedback_complaint,0.95,"The user expresses dissatisfaction and frustration with Amazon's service, indicating a general complaint or grievance. No specific request about order tracking, returns, billing, account security, digital devices, or third‑party seller issues is present.",True,0.1494
amazonhelp_gold_0124,amazonhelp,"always in my heart @117086 .yours sincerely, eu https://t.co/3mT1JsnTFp",general_feedback_complaint,0.3,"The message does not contain any keywords related to order tracking, refunds, Prime billing, account security, digital devices, or seller inquiries. It appears to be a general, non‑specific statement, so the closest category is general feedback/complaint.",True,0.8074
amazonhelp_gold_0125,amazonhelp,@115850 r u doing favors by delivering #customers? Cos the deliver person has no patience #30sec Whoever +[ORDER_ID] this' teach manners,order_tracking_delivery,0.95,"The customer is complaining about the delivery person’s lack of patience and the delay in delivery, which falls under delivery-related issues such as late shipments or carrier delays.",False,-0.0516
amazonhelp_gold_0126,amazonhelp,How do I report fake emails like this to @115830?? https://t.co/GgUyJBk9dK,account_security_access,0.8,"The user is asking how to report fake emails, which is a security concern related to potential phishing or suspicious activity. This falls under the account security and access category, which covers security-related inquiries such as suspicious login alerts and account protection. No other intent matches this context.",True,-0.2406
amazonhelp_gold_0127,amazonhelp,"@AmazonHelp It's not marked for out for delivery, so not holding my breath! But will let you know",order_tracking_delivery,0.95,"The customer mentions that their order is not marked as ""out for delivery,"" indicating a concern about the delivery status and tracking of their shipment.",False,0.0
amazonhelp_gold_0128,amazonhelp,@AmazonHelp Till now not received any email from Amazon,general_feedback_complaint,0.92,"The user reports a complaint about not receiving any emails from Amazon, which does not match any specific service or product category. This falls under general grievances or feedback about service issues.",True,0.1779
amazonhelp_gold_0129,amazonhelp,@AmazonHelp It says delayed end expected December 1-5 which doesn’t help me like AT ALL.,order_tracking_delivery,0.95,"The customer references a delayed shipment and an expected delivery window (December 1-5), indicating a concern about order tracking and delivery status.",False,0.5106
amazonhelp_gold_0130,amazonhelp,"@AmazonHelp I reported the issue by calling the customer care, they said it's a technical error and it will reflect within half hour. But nothing yet",refund_return_cancellation,0.9,"The user reports that a technical error was mentioned by customer care and that the issue should be reflected within half an hour, but nothing has happened yet. The use of ""reflect"" implies a change in account balance or order status, typical of a refund or credit that has not yet appeared. This aligns with the refund/return/cancellation intent.",True,0.0644
amazonhelp_gold_0131,amazonhelp,@AmazonHelp Call amazon get advised will be Monday for my next day delivery. Get to manager can hardly understand her and get no further forward,order_tracking_delivery,0.92,The customer is inquiring about a scheduled next‑day delivery that will arrive on Monday and is requesting escalation to a manager due to difficulty understanding the agent. This falls under delivery status and tracking concerns.,False,-0.128
amazonhelp_gold_0132,amazonhelp,"@115833 how can I update the location to India for Echo bought at US, I’m a prime member in India too!",digital_services_devices,0.99,"The user is asking how to update the location setting for an Echo device, which is a digital device issue. This falls under the digital_services_devices intent.",False,0.0
amazonhelp_gold_0133,amazonhelp,@115821 has the best IVRS system ever after press one press two number game they tell you to go the website and disconnect WOW,general_feedback_complaint,0.95,"The customer is giving positive feedback about the IVRS system, which falls under general feedback or complaint category.",True,0.876
amazonhelp_gold_0134,amazonhelp,@AmazonHelp Received Card Not Present alert from AMEX that Prime membership was added... Not sure if this is valid or fraudulent transaction. Not sure when Prime should renew. Where can I see my Prime membership details on mobile app?,prime_subscription_billing,0.95,"The customer is concerned about a Prime membership charge, questions its validity, wants to know renewal timing, and asks how to view membership details—clear indicators of a Prime subscription billing issue.",True,-0.7913
amazonhelp_gold_0135,amazonhelp,@115850 @AmazonHelp I filled the form. expect your quick & positive feedback. & no false commitement like earlier. https://t.co/XkXwYE7yve,general_feedback_complaint,0.95,"The user expresses dissatisfaction with a prior commitment and requests quick, positive feedback, indicating a general complaint or grievance about Amazon's service.",True,0.5994
amazonhelp_gold_0136,amazonhelp,"Hey Amazon, it sure would be nice if you honored your advertised price @AmazonHelp. https://t.co/jcKprz2nKe",general_feedback_complaint,0.95,"The customer is expressing dissatisfaction with Amazon's pricing policy, specifically that the advertised price was not honored. This falls under a general grievance or complaint about service, not a request for a refund, return, or technical support.",True,0.8625
amazonhelp_gold_0137,amazonhelp,Where is order [ORDER_ID]? It's over delivery time. @117093,order_tracking_delivery,0.99,"The customer is asking for the location/status of a specific order and notes that it is past the expected delivery time, which directly matches the order tracking and delivery intent.",False,0.0
amazonhelp_gold_0138,amazonhelp,"@AmazonHelp & I also had replied to that , u only giving me the reply here only, what r u doing regarding my order of fraud case! 5 days of complain ..?",general_feedback_complaint,0.92,"The customer is expressing frustration over a 5‑day unresolved issue related to a suspected fraud case and is demanding an update on what actions are being taken. This fits the general grievance / complaint category rather than a specific request for a return, refund, or tracking information.",True,-0.636
amazonhelp_gold_0139,amazonhelp,@115850 @122090 got the echo dot but cant use saavn it says saavn currently not supported in your region,digital_services_devices,0.95,"The user is encountering a problem with an Echo Dot device trying to use the Saavn music service, which is a digital service issue related to Alexa/Echo devices.",False,-0.3491
amazonhelp_gold_0140,amazonhelp,@AmazonHelp This is unacceptable https://t.co/o3dBWkSuIr,general_feedback_complaint,0.95,"The user expresses dissatisfaction with the phrase ""This is unacceptable"" without referencing a specific order, return, billing, account, device, or seller issue. This aligns with a general grievance or complaint intent.",True,-0.4588
amazonhelp_gold_0141,amazonhelp,@AmazonHelp Yes multiple times! No one can seem to locate them :/,order_tracking_delivery,0.95,"The customer states that multiple attempts have been made but no one can locate the items, indicating a delivery or tracking issue.",False,-0.2942
amazonhelp_gold_0142,amazonhelp,"@AmazonHelp Problem resolved, thank you for immediate response and refund.",refund_return_cancellation,0.95,"The customer explicitly thanks for an immediate response and a refund, indicating a refund request or completion. No other intent is relevant.",False,0.128
amazonhelp_gold_0143,amazonhelp,"@AmazonHelp I couldn’t access my acct as when I went to login it told me to reset my p/w. I tried this but never received a verification email, after trying myself and the call centre. They advised me there was nothing they could do and I had to set up a new email account. Really...?",account_security_access,0.95,"The user reports being unable to log in, needing to reset the password, and not receiving a verification email. These are classic account access and security issues, matching the account_security_access intent.",True,0.0
amazonhelp_gold_0144,amazonhelp,@AmazonHelp Marked as “delivered and handed to a resident” as well as signed for by my husband and it is not here. AMZL US is the carrier.,order_tracking_delivery,0.95,"The customer reports that the package was marked as delivered and signed for, yet it is missing. This is a delivery status and missing package inquiry, which falls under the order tracking and delivery intent.",False,0.2732
amazonhelp_gold_0145,amazonhelp,@AmazonHelp NINE ON TUESDAY?!?!?! How did next day turn into SIX DAYS?!?!?!,order_tracking_delivery,0.98,"The customer is asking why a next‑day delivery turned into a six‑day delay, which is a delivery status/track inquiry.",False,0.0
amazonhelp_gold_0146,amazonhelp,@AmazonHelp I should worry about my personal details. Shut up and act on what I’ve shared! I won’t want bots replying!,account_security_access,0.92,"The user expresses concern about personal details and wants no automated responses, indicating a focus on account security and privacy. This aligns with the account_security_access intent, which covers issues related to account access, security, and suspicious activity.",True,-0.1984
amazonhelp_gold_0147,amazonhelp,"@117795 is an absolute scam, their guaranteed delivery means nothing, if they dont deliver they just say sorry, thats it, just bs",order_tracking_delivery,0.92,"The customer complains that the seller’s guaranteed delivery is not being honored and that the package was not delivered, which falls under delivery delay and tracking issues.",True,-0.6124
amazonhelp_gold_0148,amazonhelp,@115850 If ur not given me refund amount I'm filling consumer court case ur company... Ready to meet me in Consumer court. I want nw,refund_return_cancellation,0.99,"The customer is demanding a refund and threatening legal action, indicating a request for a refund or cancellation of an order.",True,0.4215
amazonhelp_gold_0149,amazonhelp,Fire tablet and case supposed to come on Monday. Only get the case. Called Amazon to send another tablet. On Wednesday I get a package. It's another case. I call them again and they overnight a tablet. Come back from work and I get a THIRD FUCKING CASE FOR A TABLET I DON'T HAVE. https://t.co/SBxP6y8ThM,refund_return_cancellation,0.85,"The customer is complaining about receiving the wrong items (multiple cases instead of a tablet) and is effectively requesting a correction or replacement of the order, which falls under the return, refund, or cancellation category.",False,-0.1779
amazonhelp_gold_0150,amazonhelp,@119625 @12154 Can't find it on Prime any more :/ why?,seller_product_inquiry,0.95,"The user is asking why a product is no longer available on Prime, which relates to product availability and third‑party seller listings. This falls under the seller_product_inquiry intent.",False,-0.4005
amazonhelp_gold_0151,amazonhelp,@AmazonHelp This is what courier have the reason. Even the courier guy didnt visit to my place & he has given this feedback. Wow. https://t.co/mAzF33zwWp,order_tracking_delivery,0.95,"The customer complains that the courier did not visit their place and has provided feedback, indicating a delivery issue or missing shipment. This falls under order tracking and delivery status inquiries.",False,0.5859
amazonhelp_gold_0152,amazonhelp,@115821 what's up with customer service! Paid extra to get something here and was told it would be..2 days later than I needed it.,order_tracking_delivery,0.95,"The customer complains about a delivery that was delayed despite paying extra for faster shipping, indicating an issue with order tracking and delivery status.",False,0.0
amazonhelp_gold_0153,amazonhelp,@AmazonHelp Thank you for responding so quickly. I already have the tablet. I was just wondering if there was a way to bypass the kids edition and make it a full tablet.,digital_services_devices,0.95,"The customer is asking about a tablet (an Amazon device) and wants to change its mode from Kids Edition to a full tablet, which is a device configuration issue. This falls under the digital services and devices category.",False,0.3612
amazonhelp_gold_0154,amazonhelp,@AmazonHelp Ordered Monday still haven’t gotten. Said I would get it by now.,order_tracking_delivery,0.95,"The customer mentions placing an order on Monday and not yet receiving it, indicating a delivery status or tracking inquiry.",False,0.0
amazonhelp_gold_0155,amazonhelp,@AmazonHelp Yes I have replied,general_feedback_complaint,0.35,"The message ""@AmazonHelp Yes I have replied"" contains no explicit request or issue related to order tracking, returns, billing, account security, digital devices, or third‑party seller inquiries. With no clear intent, the safest fallback is the general feedback/complaint category, albeit with low confidence.",True,0.4019
amazonhelp_gold_0156,amazonhelp,"@AmazonHelp disappoint by ur service.rqst to pickup n whole day hv passed, no response from amazon.what kind of service is this?.",order_tracking_delivery,0.92,"The customer is complaining about a pickup request that has not been responded to and is asking about the status of that service. This falls under delivery tracking and pickup inquiries, which aligns with the 'order_tracking_delivery' intent.",True,-0.5994
amazonhelp_gold_0157,amazonhelp,@AmazonHelp Yes and I emailed the account back with the 3 things it asked for,account_security_access,0.95,"The user mentions emailing the account back with the requested items, indicating they are responding to a security or account verification request. This aligns with account access and security issues.",True,0.4019
amazonhelp_gold_0158,amazonhelp,@115851 @AmazonHelp @115850 #JEFFBEZOS have you founded amazon india to cheat and harass innocent people of India??? Why there is no action on bad behavior of customer care?? Be honest!!! Corrupt people can earn money but not respect!!!,general_feedback_complaint,0.95,"The user expresses a strong complaint about Amazon India’s customer care, alleging harassment and lack of action. This falls under general grievances and dissatisfaction with service, matching the ‘general_feedback_complaint’ intent.",True,-0.7969
amazonhelp_gold_0159,amazonhelp,"2/2 if I am a ""politically exposed person"". No I'm not. @115830 please reinstate my seller account. #missed sales #peak #untimely",general_feedback_complaint,0.92,"The customer is requesting the reinstatement of their seller account and expressing frustration about missed sales, which is a general grievance about account status rather than a specific product or technical issue.",True,-0.687
amazonhelp_gold_0160,amazonhelp,@AmazonHelp Guys! I'd been waiting for nearly a week or so and it is still the same,order_tracking_delivery,0.95,"The customer mentions waiting for nearly a week, indicating a concern about delivery status or delay, which aligns with the order tracking and delivery intent.",False,0.0
amazonhelp_gold_0161,amazonhelp,"I’ve had it up to my nuts with delivery drivers. Useless, the lot of them. @AmazonHelp, hey guys, this ones your fault",general_feedback_complaint,0.95,"The customer is expressing frustration and a complaint about delivery drivers, not asking for tracking information or a refund. This falls under general service dissatisfaction.",True,-0.7783
amazonhelp_gold_0162,amazonhelp,@AmazonHelp Any updates??? It's been almost 3 weeks still haven't received my refund yet. worst amazon experience.,refund_return_cancellation,0.98,"The customer is specifically asking about a pending refund that has not been received after three weeks, which directly relates to refund and return issues.",True,-0.6046
amazonhelp_gold_0163,amazonhelp,@AmazonHelp roger that. email sent.,general_feedback_complaint,0.6,"The message is a brief statement confirming an email was sent, with no request for assistance or specific issue. It does not match any of the other intent categories, so the most appropriate category is a general statement, which falls under general feedback/complaint.",True,0.0
amazonhelp_gold_0164,amazonhelp,"@115830 hi, is my order gonna be delivered today? It says out for delivery but nothing yet",order_tracking_delivery,0.99,"The customer is asking about the delivery status of an order that is marked as 'out for delivery' but has not yet arrived, which directly matches the order tracking and delivery intent.",False,0.0
amazonhelp_gold_0165,amazonhelp,"@117086 Billy Williams, de QUEDA DE GIGANTES 😍...",general_feedback_complaint,0.6,"The query is a brief comment that does not request any service or action such as order tracking, refunds, billing, account access, device support, or seller inquiries. It falls under general feedback or commentary, which aligns with the general_feedback_complaint intent.",True,0.4588
amazonhelp_gold_0166,amazonhelp,@AmazonHelp Yes I had shared the details.,general_feedback_complaint,0.3,"The message ""Yes I had shared the details."" does not contain any keywords or context that match the specific intent categories such as order tracking, refunds, Prime billing, account security, digital devices, or seller inquiries. With no clear intent identified, the fallback category for ambiguous or unclassified messages is chosen.",True,0.6249
amazonhelp_gold_0167,amazonhelp,@AmazonHelp Yes. The shopping app. Began yesterday on iPhone and iPad.,digital_services_devices,0.6,"The user references the Amazon shopping app on iPhone and iPad, indicating a concern or inquiry related to a digital service or app usage. This best aligns with the digital_services_devices category, even though the rubric specifically lists other devices; the app context is the closest match.",False,0.4019
amazonhelp_gold_0168,amazonhelp,"Somewhere between talking loudly to hear echoes to talking directly to Echo, we have all grown up :) @115833 #AmazonEcho",digital_services_devices,0.95,"The user references ""Echo"" and includes the hashtag #AmazonEcho, indicating the topic is an Amazon Echo device. This falls under the digital services and devices category.",False,0.4588
amazonhelp_gold_0169,amazonhelp,"Don't buy #AmazonPrime , They won't give you proper assistance. it's a waste. Won't deliver on time. @115850 @115821 Saying delivery is from third party and they are helpless. #IrresponsibleAmazon",general_feedback_complaint,0.95,"The customer expresses dissatisfaction with Amazon Prime services, specifically delivery delays and lack of assistance, which aligns with a general grievance or complaint rather than a specific request for tracking or refund.",True,-0.4767
amazonhelp_gold_0170,amazonhelp,"Amazing customer service from @AmazonHelp Live Chat this morning when returning some puppy purchases. The advisor's first question?... ""What breed is your puppy?!""",refund_return_cancellation,0.99,"The customer mentions returning puppy purchases, which directly relates to a return request. This falls under the 'refund_return_cancellation' intent.",False,0.6654
amazonhelp_gold_0171,amazonhelp,@AmazonHelp can y’all pls help my best friend. https://t.co/qUM1uV3M8m,general_feedback_complaint,0.6,"The user is requesting help without specifying an order, refund, account, or device issue. The query is a general request for assistance, fitting the broad category of general feedback or complaint.",True,0.886
amazonhelp_gold_0172,amazonhelp,@AmazonHelp Yes @127161 have managed to deliver to the wrong address and even got a signature - useless,order_tracking_delivery,0.95,"The customer reports that the package was delivered to the wrong address and a signature was obtained, indicating a delivery issue. This falls under order tracking and delivery status inquiries.",True,-0.4939
amazonhelp_gold_0173,amazonhelp,"registered a complaint in consumer forum against @115850, ORDER # [ORDER_ID] @115851",general_feedback_complaint,0.95,"The user states they have registered a complaint in a consumer forum regarding an order, indicating a general grievance or dissatisfaction with the service or product. This aligns with the general feedback/complaint category.",True,-0.296
amazonhelp_gold_0174,amazonhelp,@115830 order within the next 90 mins for same day delivery never ever works for me .Why is this ? i suspect a con to get me to order,order_tracking_delivery,0.95,"The user is complaining that the same‑day delivery option (within 90 minutes) never works for them, which is a delivery‑related issue. This falls under order tracking and delivery status inquiries.",False,-0.296
amazonhelp_gold_0175,amazonhelp,"@AmazonHelp Of Course. That is the reason we are approaching you. If you can't deliver product on time, then you should not accept the bookings.",order_tracking_delivery,0.95,"The customer is expressing frustration about a product not being delivered on time and implying that the seller should not accept bookings if delivery cannot be met. This is a delivery delay concern, fitting the order tracking and delivery status intent.",False,-0.2924
amazonhelp_gold_0176,amazonhelp,@AmazonHelp shared all my details at least thrice.. Still no call from amazon,general_feedback_complaint,0.95,"The customer is expressing frustration about not receiving a call after providing details, which is a general service complaint rather than a specific issue about orders, returns, billing, account security, devices, or third‑party sellers.",True,0.2263
amazonhelp_gold_0177,amazonhelp,@AmazonHelp We have raised relevant ticket please resolve immediately,general_feedback_complaint,0.95,"The customer is expressing frustration about a ticket that has not been resolved and is demanding immediate action, which aligns with a general service complaint or escalation request.",True,0.5994
amazonhelp_gold_0178,amazonhelp,@115850 Easy replacement or refund without notice joker lier no ethics and policy follow @115851 @115850 joker's,refund_return_cancellation,0.95,"The customer explicitly requests an easy replacement or refund, indicating a return or cancellation request.",False,0.0849
amazonhelp_gold_0179,amazonhelp,@AmazonHelp Since both items are showing as coming tomorrow and everything from you said today. You did. Again.,order_tracking_delivery,0.95,"The customer mentions that both items are showing as arriving tomorrow, indicating a concern about delivery status and tracking.",False,0.0
amazonhelp_gold_0180,amazonhelp,"@AmazonHelp Hi, I’m using an iPad. My account is on Amazon Brazil",account_security_access,0.6,"The user mentions their Amazon account and the device they are using (iPad). Although there is no explicit mention of a security issue, the query is about account access on a specific platform (Amazon Brazil). Among the available intents, the one that most closely relates to account-related questions is `account_security_access`.",True,0.1779
amazonhelp_gold_0181,amazonhelp,@AmazonHelp I ordered a gift but did not receive a gift receipt. How can I print on off myself?,seller_product_inquiry,0.6,"The customer is asking about a missing gift receipt for an order they placed, which relates to order details and product purchase information. None of the other intents (tracking, returns, billing, account, devices, or general complaints) directly address receipt printing. Therefore, the closest match is seller_product_inquiry.",False,-0.2867
amazonhelp_gold_0182,amazonhelp,Amazing customer service from @115830 order a desk waiting for it to come just get an email saying I've been refunded because they can't deliver to my address. Huge waste of time,refund_return_cancellation,0.95,"The customer states they received an email that they have been refunded because delivery to their address is not possible, indicating a refund or cancellation issue.",False,0.5106
amazonhelp_gold_0183,amazonhelp,@AmazonHelp who do I get in touch regarding the way my package was left at my house?,order_tracking_delivery,0.95,"The customer is asking about how their package was left at their house, which relates to delivery handling and package placement. This falls under delivery status and handling inquiries.",False,0.0
amazonhelp_gold_0184,amazonhelp,"@115830 Can someone from Amazon UK contact me please? My order has been ""lost"" again.",order_tracking_delivery,0.95,"The customer is asking for help with a lost order and wants Amazon UK to contact them, which falls under tracking and delivery issues.",False,0.1779
amazonhelp_gold_0185,amazonhelp,"@116439 or @126972 The YT app doesn't allow me to re-enter if I press the home button while in it. Only allows re-entering if I push the back button and exit the app. On Samsung 4k hdr... maybe something unique, maybe something with the 4K setting? May need to update?",digital_services_devices,0.8,"The user reports a technical issue with the YouTube app on a Samsung 4K HDR device, mentioning app behavior and potential update needs. This falls under troubleshooting digital services and devices.",False,-0.2561
amazonhelp_gold_0186,amazonhelp,@AmazonHelp No action taken till now it has been more than 20 days poor response,general_feedback_complaint,0.95,"The customer complains about a lack of action and poor response over a period of more than 20 days, indicating a general service dissatisfaction and escalation request. This aligns with the general grievance category.",True,-0.6486
amazonhelp_gold_0187,amazonhelp,@115850 what is the status of my order https://t.co/qwh5OzhXzS,order_tracking_delivery,0.95,"The customer is asking for the status of their order, which directly relates to order tracking and delivery inquiries.",False,0.0
amazonhelp_gold_0188,amazonhelp,@AmazonHelp There's no option to unlink? I cannot see Spotify settings? I cannot change the standard service to Spotify @SpotifyCares https://t.co/gAiRTly2Pw,digital_services_devices,0.95,"The user is trying to unlink Spotify from Amazon and cannot see Spotify settings, indicating a technical issue with a digital music service integration, which falls under the digital_services_devices intent.",False,-0.3736
amazonhelp_gold_0189,amazonhelp,"@AmazonHelp No everything is fine, I'm just.................eager",general_feedback_complaint,0.7,"The query does not mention any order, refund, Prime billing, account security, digital device issue, or third‑party seller question. It is a general statement with no specific request, so the only remaining category is general feedback/complaint.",True,-0.1027
amazonhelp_gold_0190,amazonhelp,@AmazonHelp i want to buy something for my wife but i dont want it to show up on the purchase history and i dont want her to get notifications. Is this possible?,general_feedback_complaint,0.6,"The user is requesting a feature (anonymous purchase) that does not fit any of the specific categories such as tracking, returns, billing, account security, devices, or seller inquiries. The closest match is a general feedback or feature request, which falls under the general_feedback_complaint intent.",True,-0.1321
amazonhelp_gold_0191,amazonhelp,"@AmazonHelp Any update on this feedback? Will this be built into your search? @amazonhelp, @115821",general_feedback_complaint,0.95,The user is asking about a feature request and whether it will be incorporated into Amazon's search. This falls under general feedback or complaint about service features.,True,0.0
amazonhelp_gold_0192,amazonhelp,"@AmazonHelp hello, not sure if this falls under your remit but the PSVR Black Friday bundle available on your site says it’s not available but you can order it and it will send when available. is there any way you can tell when it will be available?",seller_product_inquiry,0.95,"The customer is asking about the availability of a specific product bundle (PSVR Black Friday bundle) and wants to know when it will be available for shipping. This falls under inquiries about product stock and availability, which is covered by the seller_product_inquiry intent.",False,-0.1232
amazonhelp_gold_0193,amazonhelp,@AmazonHelp Yes it is really odd...and if u don't trust than Call each and every customer from this area ...they will telll u the truth ..,general_feedback_complaint,0.95,"The user expresses frustration and a general complaint about trust and service, which aligns with the general feedback and grievance category.",True,0.3178
amazonhelp_gold_0194,amazonhelp,@115850 I have not received cash back for my last transaction,refund_return_cancellation,0.95,"The customer states they have not received cash back for a transaction, which is a type of refund or credit issue. This falls under the refund and return category.",False,0.0
amazonhelp_gold_0195,amazonhelp,@AmazonHelp can’t download any news books from the kindle store!!! it keeps saying the application can’t open and to try again later.,digital_services_devices,0.95,"The user reports a problem downloading books from the Kindle store and receiving an error that the application cannot open, which is a technical issue related to Kindle devices or apps.",False,0.0
amazonhelp_gold_0196,amazonhelp,DON'T BUY REDMI4 AS MIC NT WORKS ON VID CALL POSITION @115821 @115850 @AmazonHelp @383183 @160663 @147135 @1404 https://t.co/QELcEDW1Xm,general_feedback_complaint,0.92,"The user is expressing a strong negative opinion about a product (Redmi4) and warning others not to buy it due to microphone issues during video calls. This is a general complaint about product quality, which aligns with the general_feedback_complaint intent. No other intent categories directly match the content.",True,0.0
amazonhelp_gold_0197,amazonhelp,@AmazonHelp I've followed the steps here https://t.co/YdXHkwzxQx it comes unstuck partway through step3 when it fails to register,digital_services_devices,0.92,"The user reports a technical problem during a registration process, indicating a device or service setup issue. This aligns with troubleshooting for Kindle, Fire TV, Echo, or other Amazon digital services.",False,-0.4215
amazonhelp_gold_0198,amazonhelp,@AmazonHelp Why are sending defective items to customers. And then not replacing it,refund_return_cancellation,0.95,"The customer complains about receiving defective items and that Amazon is not replacing them, which directly relates to returns, refunds, and replacement of damaged goods.",False,-0.4404
amazonhelp_gold_0199,amazonhelp,@AmazonHelp I agree. But I guys have mentioned IPhone 8 32 GB. It is not available in 32gb. It’s available in 64gb,seller_product_inquiry,0.95,"The customer is asking about the availability of a specific product (iPhone 8 32GB) and noting that only the 64GB variant is available. This falls under product stock and availability inquiries, which aligns with the seller_product_inquiry intent.",False,0.1901
amazonhelp_gold_0200,amazonhelp,@AmazonHelp now my autistic son is having a complete meltdown bc his movies have disappeared again 😡,digital_services_devices,0.95,"The customer reports that movies have disappeared, indicating a playback or content availability issue with Amazon’s digital media services (Prime Video). This falls under the digital_services_devices intent.",False,-0.2263
